content_ID,title,release_date,director_ID,genre_ID,content_type,seasons
1,Who central.,2017-07-19,23,10,films,0
2,Image today protect.,2000-12-17,29,9,films,0
3,About increase benefit single.,1997-11-05,24,9,serie,7
4,Moment both any.,2005-07-14,23,9,films,0
5,Real as.,2021-12-19,15,6,films,0
6,Possible.,2003-06-23,30,1,films,0
7,Situation specific.,1998-04-11,3,2,films,0
8,Year analysis candidate.,2022-09-06,26,4,serie,6
9,Alone action base.,2005-04-01,29,10,serie,3
10,Itself lot.,2016-12-25,26,10,films,0
11,Popular director image.,2009-08-17,29,2,serie,4
12,Last rise girl.,1997-06-19,27,2,films,0
13,Tough consumer TV.,2019-10-03,28,10,films,0
14,Hotel cover.,2000-03-09,4,3,serie,6
15,Class section third.,2007-08-14,15,3,serie,3
16,Response hope.,2014-07-03,19,10,films,0
17,Leg score tax.,2011-04-19,23,7,serie,6
18,Message avoid.,2000-06-12,8,3,serie,5
19,Cover role focus.,2009-07-15,23,10,films,0
20,Rest someone garden.,2005-10-22,23,8,serie,7
21,Reduce western.,2021-08-29,29,9,serie,4
22,Increase chance card.,2018-06-28,18,6,films,0
23,Water dream.,2010-09-16,26,1,serie,6
24,Mention particularly nice.,2019-09-05,12,7,films,0
25,After she somebody.,2010-06-01,21,2,serie,4
26,Drug direction there.,2021-05-18,25,3,films,0
27,Occur receive guess.,2023-11-12,27,6,serie,8
28,Majority.,2005-02-14,21,7,films,0
29,Lay pass another.,2009-10-11,28,6,serie,3
30,Him success.,1996-07-20,21,5,films,0
31,Message mouth.,1999-01-02,21,8,serie,8
32,Positive whole.,1994-12-25,11,2,films,0
33,Black order leave.,2009-11-09,15,2,serie,7
34,Pass official.,2016-06-23,9,6,serie,4
35,Half hit change.,2006-10-21,16,2,films,0
36,Body artist.,2006-12-04,30,3,films,0
37,Let power ten.,2022-06-10,15,5,serie,4
38,Imagine it individual.,2006-10-20,7,6,films,0
39,Read side benefit.,2018-11-21,3,9,films,0
40,Many somebody.,2013-05-24,29,3,films,0
41,More father.,2005-10-02,12,1,serie,6
42,Up admit.,1998-04-15,29,7,serie,2
43,Challenge show simply.,2015-12-12,28,10,serie,7
44,Head.,1999-12-08,21,7,films,0
45,Now.,2023-05-26,11,9,films,0
46,Almost hotel face.,1995-03-13,6,1,films,0
47,Energy able.,2011-01-25,26,2,films,0
48,Yet risk enough.,2008-10-07,15,3,films,0
49,Entire summer together.,2001-08-21,14,6,films,0
50,People mention spend.,2003-09-06,26,4,films,0
51,Side mouth policy.,2021-12-07,29,4,serie,5
52,That dinner his.,2005-09-30,3,6,serie,1
53,At draw.,2021-09-26,26,1,films,0
54,Maybe responsibility.,2003-06-21,29,7,serie,2
55,Than current.,2022-12-04,23,8,serie,2
56,In million.,2014-09-07,29,7,serie,6
57,Stop discuss.,2012-04-19,24,2,serie,7
58,Especially according ball.,1998-02-23,19,3,serie,4
59,Ability onto state.,2020-09-23,26,4,serie,3
60,Can minute.,2006-04-26,4,6,films,0
61,Quite event.,2010-10-21,4,9,serie,1
62,He black medical.,2010-02-26,28,6,films,0
63,Particular herself.,1995-06-29,9,9,films,0
64,Miss.,1999-11-26,26,8,serie,8
65,Rest provide allow.,2017-04-28,27,4,films,0
66,Head mission entire.,2019-06-19,2,8,serie,7
67,Mention offer.,1995-02-28,3,10,films,0
68,Defense anyone.,1996-03-19,29,6,serie,8
69,While while four.,2013-03-20,21,9,films,0
70,Report push set.,2001-02-17,3,10,serie,5
71,Pm all.,1995-12-09,8,7,films,0
72,List.,2013-12-04,3,2,serie,7
73,Range wonder.,2002-04-02,24,9,serie,3
74,Mention.,1995-05-05,15,1,serie,6
75,Claim institution treatment.,2018-03-16,25,2,serie,4
76,Cold save.,2015-03-12,4,3,films,0
77,Seat cultural.,2005-04-30,13,3,films,0
78,Small consider visit.,2020-06-05,27,10,films,0
79,Involve young rest.,1997-04-24,19,9,films,0
80,Natural hour north.,2007-01-09,6,1,serie,2
81,Leader table blue.,2021-02-28,26,2,serie,2
82,Worker really imagine.,2016-06-14,22,4,serie,3
83,Mrs increase technology.,2009-10-31,13,1,serie,7
84,Popular personal total movement.,1999-12-07,23,7,serie,6
85,Short small act.,2022-08-29,24,4,serie,2
86,Job win.,2021-04-29,10,2,films,0
87,So price.,2007-12-08,8,3,serie,6
88,Doctor mother radio.,2014-07-09,12,10,serie,2
89,Garden phone.,2019-10-27,16,5,serie,4
90,Thing science admit.,1995-05-21,28,4,films,0
91,Able weight.,2019-02-26,26,10,films,0
92,So marriage.,1997-07-12,19,8,serie,7
93,President side write.,2008-12-31,14,9,serie,8
94,Beyond break.,2008-06-17,15,4,serie,4
95,Little mouth.,2000-11-07,20,1,serie,5
96,Final still.,1994-07-29,9,5,serie,3
97,High ago hard.,2014-01-16,4,8,films,0
98,Personal hotel.,1998-09-15,9,10,films,0
99,Moment up.,1995-10-06,17,1,serie,6
100,Conference green relationship.,1996-04-16,19,2,films,0
