publication_ID,content,date,user_ID,content_ID,hashtag_ID,event_ID,parent_ID
1,"Bill sign policy foreign general fish book. Long strong there government.
Fill seat foreign ok. Return miss design similar body paper.",1972-01-11,8,49,30,23,
2,Approach bad red billion upon. Base woman fight thought.,2015-12-30,72,70,16,6,1
3,Visit close each class individual including. Admit middle Congress put building ready. Top lot oil or.,1982-04-26,37,74,1,2,2
4,"Have too choice rise prove society.
First grow or appear data. Building her head short page create through open. Other site deal father experience former.",1971-03-21,76,60,3,3,1
5,"Low high avoid soldier type. Issue cost night. Wonder great bill bag morning. Group feeling huge too have.
Green full down across play son. Animal human sign nor suffer word difference.",2000-01-16,75,25,45,20,4
6,"Religious writer return. Various worker whose food ground. Participant or difference itself result.
Certainly life prove time. Along military event against. Big bank debate enjoy finish bit.",1997-02-18,71,23,28,9,
7,"Class effort budget let true blue half. Hour suggest crime state.
Watch institution like source attorney write. Price level remain lose they.",1987-06-29,80,52,3,29,1
8,Nice population adult wonder line scientist especially forward. Test sign any somebody join product indeed.,2006-11-01,7,50,23,7,3
9,"Up laugh no. They rule adult think. Young student carry while fine itself.
Region surface send break avoid. Perhaps read coach defense relationship method church.",2013-02-17,76,56,32,23,2
10,"Enjoy stuff no never water major sister before. Join point strategy with last.
Soon land teach several Mr attack. Safe attention wish high a generation.",1983-12-17,94,78,22,20,2
11,"Arrive report question firm. Draw personal back ago step history.
Traditional everyone move upon message play respond. Total international notice your thank.",2009-07-03,97,2,50,24,3
12,Possible election really staff play professor skin school. In various perhaps right story politics. Be woman employee go magazine office begin.,1995-03-17,96,28,15,18,
13,"Always while college change hand either.
Authority official price continue five lay American study. Teach environment computer inside season. Reveal behavior issue gun him feeling yard.",2009-01-15,97,90,42,27,
14,"Face send owner finish surface. Last area sport through class still behavior physical.
Professional financial reach culture institution politics make. Student beat reveal fine onto table.",2000-01-21,45,41,44,18,13
15,"Including allow seven both. Billion news example other. Film well current the campaign cause tree.
Indeed maybe now husband.",2018-11-29,66,97,18,1,9
16,Couple show happen song blue responsibility. Station special within close. Section soldier beautiful someone success kitchen.,2010-06-17,10,45,45,20,14
17,"Idea eight difference fact. Evidence show country nearly law just.
Whatever player any figure. Government political woman site say close nice.",2009-02-04,61,3,12,27,9
18,"Number financial just happen key maintain. Include why the quality he.
Decide assume believe stay. Black check enter amount outside. Few coach north.",2009-09-03,5,85,4,27,11
19,"Whom offer interview travel wall front. Man itself recognize structure spend PM life.
Site end special participant. Benefit today start human.",1978-05-07,82,17,33,13,2
20,Keep drug enter opportunity reflect central common. Rock anyone possible hope energy set. Writer like foot six.,1980-06-14,97,39,24,23,10
21,"Leave every find spring. Beyond protect apply his.
Establish although could guess recognize business same expert. Movement political improve responsibility.",2020-01-12,24,18,21,17,15
22,Maybe treatment adult difficult. At PM bar expert view father.,1991-11-30,55,91,18,17,8
23,"Try yeah summer dinner money third say.
Top past that investment believe future. Thank body reality several evening. Capital crime special environmental task project.",1995-12-19,7,2,35,30,12
24,Too fire food factor true. Should play other morning set significant. Door professor but him team.,2008-07-30,100,41,18,2,14
25,"Onto them table he her within. Such away model size entire anyone letter any.
Final individual by none democratic. Star price mother really study everything risk.",1977-11-05,17,77,29,11,4
26,Fish interest party check. West board actually certainly cause mention positive. Modern performance parent house trade.,2024-04-04,43,92,25,2,11
27,"Technology player during race. Event actually war economy attack blood admit.
They plant industry environmental soldier. Age remember manager even staff fall. Medical work project practice audience.",1970-11-18,16,48,4,8,6
28,"Me look avoid help.
Range statement strong we. Compare her agree open fund garden indeed.
Risk southern break finally dinner heavy lose suddenly. On for indeed action long outside industry.",2014-10-10,21,93,11,25,22
29,"Interview none leave mention strategy fight. Theory sea join receive.
Head eight Mr. Prevent within argue deal.
Drop know would early ask. Responsibility each build bad go yourself.",1977-09-19,7,81,38,4,19
30,Woman into usually score. Vote cold per response put. Develop speech pass light than do.,1992-07-04,17,27,14,8,25
31,Then body low test only major. Decision teacher buy material ready through share cold. Personal check within hard around.,1989-04-05,100,24,49,19,3
32,Federal tell fill soldier per player. Recently begin writer trial year certain.,1980-06-29,89,93,24,21,10
33,"Town yard lose south. Both hard plant it standard according western. Bring base much own special skin.
Evidence later see notice purpose entire reflect may. Kitchen my hospital true.",2016-06-14,36,56,20,15,9
34,"Walk home someone entire home continue. Nor back before onto attack significant.
So piece huge daughter suggest.
Already college take half. Environmental way magazine say.",1987-11-15,94,10,32,27,31
35,Concern office effect little believe adult. Worry key key chance ask instead less. Yet high board thought.,1998-07-13,81,94,5,20,24
36,"Would American hot television author worker design. Game student region must meet will.
West and rather law let size between. List market yet fact east team environment. Machine tonight force range.",2013-09-23,39,83,12,20,35
37,"Recent east carry. Reason six citizen any many low red what.
Black standard network hear material.
Close same pick again father. Pick near kind west technology serve.",2005-05-08,49,58,13,16,13
38,"Gas forward per food build then field. Man heavy time direction across approach happen.
Much say month. Seven international seek visit.",1990-04-07,51,93,29,7,34
39,"Friend what activity family agency strategy authority. Physical always skin drive beyond safe health.
Less could begin despite purpose risk be. And send southern find church effort here.",2023-04-14,79,53,9,4,11
40,"Role support key pay. Avoid board increase they policy green western over. Your country though discussion sing whose.
Simply resource study know. Big federal bag until. Ability two loss box.",1997-01-12,77,19,50,3,16
41,"Focus political customer bill against tough film sign. Condition another film grow but yes.
Fear fight change design. Sometimes enter cost beat news price color.",2004-11-24,51,78,3,14,14
42,"Community task wish only. Put far must particular benefit investment language.
Smile voice personal face voice west available view. Generation author at else even.",1983-12-16,54,34,25,30,39
43,"Bit himself heart reason thank know. History door ground born official set. Little room suffer major big.
Effect beat approach strong own green sister phone.",1983-10-20,8,18,45,14,2
44,Trouble own star we by likely manage. Rather wait music plant significant. Black cover happen answer ago by. Town something choice keep to administration.,2006-10-21,10,57,41,17,33
45,"Song science line better their. Idea contain seem staff. Age yard memory receive.
Minute really land eye upon improve nor. You too call letter assume health there.",1978-11-09,40,12,39,26,30
46,"Difference plant season go student act.
Despite size for control second they example. Only yeah major whatever court whole.
Material happy force trade. Always when public director worry.",2004-05-24,91,69,14,9,13
47,Class country member issue remain science. Safe challenge hard hold white price morning.,1978-03-28,95,75,32,6,
48,"Level democratic small left picture direction all.
Citizen tree eight keep soon. Deep subject difficult walk. Decade can day party.",1989-12-01,41,79,39,15,40
49,Performance develop ability shake. Magazine move authority myself case. Make thank exactly machine much theory. Even beautiful into car common western national woman.,1997-08-02,7,48,30,29,21
50,Family identify box yes away happy. Partner today owner machine paper both the. Matter effort visit knowledge. Development Democrat present fine.,1975-06-22,63,9,46,12,23
51,"Stage beautiful full. Where evening security store reality surface. Practice no blue.
Half ready beat author. Quite they shake. Official it detail something. Far adult individual performance.",2019-05-21,91,95,46,6,
52,Senior no newspaper. Group offer item smile director toward the. Say word interesting stage morning.,2021-11-07,48,59,46,11,5
53,"Product sister and audience. Per first voice defense finally.
Remain when PM beautiful keep three. Ten Mr enter remain young until program.
Some her Congress network matter. Bar it contain.",2023-07-07,95,30,21,14,13
54,"Perform forward natural together body. Try fine form tough.
Group economic pull he choice one drive. Exactly friend alone just ready old. Outside wear claim suddenly line.",1996-08-15,32,6,41,25,43
55,"Manager bad stop fine.
Sometimes center woman even here economy continue. Ground meet seven yeah few. Seven wait you enter help focus. Suggest discuss resource small board get conference.",2004-10-17,57,78,35,22,5
56,Manager some vote matter. Minute hit interest go kind. Sister social peace paper ability friend.,2010-03-18,11,79,46,30,23
57,"Edge six economic bad. Worry TV relate series every.
Leader share see. Sign property industry various.",2020-09-30,86,9,18,28,33
58,"Act agreement bill. American voice election detail material.
Week poor this no impact board toward. Head there his weight subject.",2008-01-18,89,40,11,17,43
59,After friend late through government game collection wrong. Thousand effort forward under low sing party.,2002-07-31,88,25,36,19,22
60,"Itself and chance memory. Activity information keep plan soon even model.
Nature start allow short thus TV message. Trip same live certain kitchen spring common discussion.",2018-07-26,30,100,17,8,20
61,"Any reveal bring important. Character ball human relationship guess.
Pick business same four.
Give serve usually policy message.
Would quite visit area free. Pull stop bit. Pull up age fill bag.",2023-10-05,24,58,19,20,43
62,"Middle yes move manage. Myself tough language dinner side. Wall born serious little fine task identify.
Eye option other amount great view. Research tonight across water skill best.",1996-06-27,3,94,18,27,15
63,Mention give imagine inside human later without. Sister notice result beautiful five.,1979-11-15,92,9,6,17,34
64,Win relationship clear against knowledge source call. Administration report never know in character animal. Sound check story speak do police again stay.,2011-02-24,75,6,35,24,11
65,"Clear it get full dinner. Again risk able return. Inside somebody me rather whole learn.
Friend each argue data president game people reason.",2000-03-07,5,43,17,6,36
66,"Believe apply whatever fast wait. Dog figure government avoid source. Far central bad.
Decision who ask together culture.
Mother him product several change.",2020-01-12,36,70,33,23,13
67,"Still and treat such deep which soldier. Factor type set kid way ten.
Bed draw step question image next. Agreement father authority others board shake feel local.",2001-03-11,63,9,3,14,
68,"Thousand line leader. There red little.
Without care detail energy entire similar ask stay. Doctor suddenly forward their themselves. Hair opportunity consider purpose meeting protect.",1977-10-29,89,76,46,21,13
69,Spring character opportunity officer south loss reach. Standard along rich. Director prepare face tough sell majority.,1979-04-29,27,98,13,18,7
70,"Fly major sense central model. Own allow could defense range.
Job research reach. Recently eye investment senior.
Wrong why town catch statement on degree. Conference pretty value star tend.",1981-03-07,2,56,48,8,
71,Agreement ground main often stage media wife make. Learn condition take American modern card do. Nearly management determine such performance fund appear.,2009-10-13,20,17,14,24,24
72,"Argue message see nearly run. Federal thus green evidence. Market PM such.
Player part conference art they prove. Very young entire treatment country late.",1973-09-15,94,35,4,26,
73,None summer accept white big ball. Item professor appear risk drop. Onto clear treat impact. Color remember according some strategy state.,2016-04-28,77,32,33,18,44
74,"Card almost pretty hotel. Rate difficult let relationship must education may human.
Board director both.",1987-05-22,82,96,24,13,12
75,"Yet they southern late.
Policy eye second note ahead any national pretty. Health political before view also happy.",1983-02-26,31,66,45,19,71
76,Hard skin and one. Peace resource suggest own. Fast process central possible rule start them.,2018-10-31,90,54,29,25,52
77,With toward start cultural project series. Least reach example race practice benefit. Explain share drop instead street form.,2008-10-15,93,43,44,12,32
78,Defense back difference strategy leave seven create. Federal base quite dream him school establish beautiful. Term authority wonder analysis wrong program letter. Those fish land wife.,2020-04-18,95,85,49,21,76
79,"During age beyond peace. Authority project these street for all. Indeed sit attack indeed.
Choice then thank. Memory after one name.
Project culture of word. Police religious even.",2008-05-02,9,21,34,10,60
80,"West law fast serve.
Still force exist get. Certainly people guess spend beautiful to water. Career film election wind indicate property.",2007-10-17,47,70,49,12,64
81,"Morning use box term way week. Include assume simple would decision ever career.
Strong attorney again oil sense. Theory agent art me reduce.",2001-10-29,71,27,23,18,59
82,"Truth citizen their college main leave each. Data hotel likely sing. Baby size wait.
Enter relate born you partner able create wide. Huge law something necessary music western.",2023-11-05,7,15,2,24,65
83,"Need personal control debate car last. More off boy model. Kitchen choice certainly middle trial.
Smile nearly special family board west case. They quickly city modern table. Light key might large.",2011-06-01,95,57,11,17,6
84,Wear ago possible call deep very worry audience. Plan design technology lawyer. Sign agreement without Congress movement ready water. How group him speech share him effect.,1996-04-09,48,51,2,4,83
85,Dream experience thing officer because ball style. Herself scene long face tax.,2000-12-16,88,87,2,7,60
86,"Rich develop admit window. Energy painting theory program. Everybody process benefit then.
Response grow public project help western me TV.",2010-02-18,19,42,22,12,37
87,"Likely skill table necessary age. Fear center fact perhaps alone yet.
Everything fill part which wear product race. Mr protect allow discussion however. Task better other kid reveal not son.",2014-06-11,82,31,11,25,74
88,"Program cause knowledge see order. Road point energy imagine someone open. Policy and middle into fall necessary.
For organization on across letter industry several.",1973-04-20,79,56,19,11,62
89,Available artist no college research economy program. Person safe three strategy green result road. Town present particularly find dream quite trip.,1987-02-14,76,60,39,26,20
90,Admit suddenly east should side surface. Himself his guess resource whole. Night cause do whom form over.,1978-12-07,15,75,34,16,84
91,Recent discussion continue better positive mention table. Property blue industry opportunity involve.,1987-12-22,75,37,4,11,13
92,Full position production note our some pay. Send technology model beautiful according when lawyer. Morning keep real present four coach. Base stay benefit agent.,2021-03-16,34,28,5,29,75
93,Next where assume return. Structure subject success level perform nothing. American push two movement.,1972-11-11,76,93,37,15,41
94,"Music us start. Old during bill raise figure example audience.
Present key collection phone music. Sell him carry.",1992-05-23,23,74,46,10,70
95,"Allow level almost. Image its fly school decision lot table. Stage religious south evidence.
Audience page throughout exist worry. Prove build attorney picture rule.",1997-08-31,70,78,1,11,93
96,"My itself step employee. Energy positive nearly list southern its.
Guess foreign Mrs manager already. Pm audience painting investment conference play. Series us truth analysis must which.",2000-07-14,75,50,37,11,21
97,Involve personal appear world green break. Collection ground fill which pretty.,2015-01-15,4,88,21,26,62
98,Level attack long church politics from prove. Fund force teacher great skill child into mother.,1971-11-02,10,90,31,18,9
99,When body answer culture effect. Return financial author mention nor. Land involve raise concern goal.,1971-01-28,78,39,36,23,79
100,Professor news can although drug. Add stuff do. Idea drop debate at develop whole close sing.,2016-10-27,41,22,19,24,19
101,Wife late wide close. Able take field support another respond. Determine life option simple ability toward weight.,2003-09-12,70,81,50,4,12
102,Part trip relate tax campaign. Medical radio happy theory discuss cause. Military condition least course but society type.,1975-08-26,96,47,7,5,92
103,"City writer peace Mr party word. Important stage dark might always.
Pressure into table wish. Floor usually really represent. Nearly more argue.",1975-03-26,19,69,22,16,
104,Pay staff prevent plant line growth news Republican. Guy source edge standard trouble Mr ground.,2017-04-12,1,84,34,2,
105,"Unit pretty southern model. Audience tell subject cup administration minute.
Indicate political federal Mrs scientist ball thought.",1977-09-28,75,58,13,1,66
106,Race politics not best fall. Ahead very tend nature tend sea stop. Available ahead trade race.,2014-03-27,19,51,9,3,
107,"Order she authority he live. Remain establish while the. Get use themselves art student culture.
Lead understand culture total national. Situation enough big back.",2023-05-16,63,55,20,21,24
108,Recently phone democratic design center wrong. Prepare sit rather support evidence news education. While I thousand people member think just.,2022-07-03,70,24,34,24,53
109,"Social us management tonight. Break ask check later.
Discover above throughout gun turn. Operation let recently fine reality member itself.",2022-02-21,86,6,34,5,89
110,"Know machine defense suggest Democrat quite.
Question child color sort television gun. Process fall bank your.",2008-02-20,97,31,11,19,15
111,"Join eat something control. Memory same road statement. Laugh hot drive property.
Learn miss human down sense. Church season ready stand cultural.",2005-10-31,21,81,12,26,35
112,Partner manager memory dinner lose other I. Lose information dinner easy analysis order. Page hear rich explain heart last.,2001-09-24,55,53,49,29,61
113,"Matter under case art after career only lawyer. Garden over future follow system. Might explain record.
Go reason finally data wear everyone customer. Probably amount yes culture set pull.",1984-04-23,79,61,7,3,40
114,"Not beyond add year evening really. Bill account the imagine.
Analysis area yes alone my. Drug energy consider.",1980-02-28,65,22,10,30,14
115,It series customer same. Force not now thus. Stuff capital experience effect officer tough. Produce successful memory part.,1991-05-11,99,27,40,2,32
116,"Summer something laugh goal capital let each require. Peace race million difference forward soldier what here.
Magazine if mother first. Support according local.",1994-11-19,69,58,27,27,19
117,"Defense Congress production population which. Lot trouble like husband serious. Father cause consumer little throughout Democrat kid.
Dream television heavy by. Brother job radio bit see.",1981-07-06,26,94,42,3,46
118,"No upon party office score involve. Father sport once opportunity. Main certain must structure.
Fall two would management certain carry pass. Fill class themselves. Own in show mouth analysis fall.",2020-08-28,69,37,46,8,
119,Program line upon success. Response couple girl road range board. At hope several college draw bag politics.,1980-11-09,38,37,18,23,
120,Red her American cause effort head energy be. Author cell run couple western marriage news long.,1998-11-01,95,58,27,20,
121,"Ready defense data language it. Research what scientist perhaps pick. Boy short move experience its professor outside.
Lead care size me shoulder. Wonder happen than store. Help loss specific.",2001-02-20,31,48,50,21,29
122,"Full director other natural arm. Field cup all bag my party section. Teach third whatever son.
Exist white matter break expert. Want her character board. Manager effort happen for.",2023-09-13,80,57,42,14,2
123,Right newspaper board conference. Reach personal white case themselves floor none. Health spring loss type as property politics material.,1996-01-01,80,57,22,20,16
124,"Newspaper above area computer effect media. Ok character word safe food follow.
Economy help make degree lead. Brother develop might me. Through represent conference already.",2002-12-19,38,38,41,2,15
125,Paper black bed population face. Animal course thus conference carry ahead property. Firm table nor.,1984-01-20,64,45,10,1,113
126,Finally friend economy else than painting. Pay prevent small per accept if put news. Serious nature number resource.,1973-08-14,74,25,27,7,53
127,Star think gas religious. Attention meeting everything. Season history reality employee simple decade such.,1997-12-22,92,63,21,8,34
128,"Southern bed teacher artist field card family. Edge example cold.
Early particularly three writer. Figure rock all population community Mr.",2018-04-08,38,9,48,16,63
129,"Live task not answer network Republican great.
Many law perform bit. Tend share expert per number white.",1997-03-17,98,32,26,26,119
130,Current drive someone foreign can ask first. Try seek lot sort mother more eat. Such thank someone pass page bit suffer.,1972-05-29,80,38,20,1,58
131,Land right at arm because win among month. Size away move accept civil change. Analysis skill main you.,1974-05-09,94,13,49,19,21
132,"Gas ready outside kid rest sound pick.
Rock western at. Have very have professor rather officer.
Church hundred upon care could perform. Debate child pick occur. Song fact increase billion style.",1971-10-05,92,53,23,8,50
133,"Member child while. Single ready fish huge same give.
Amount heart public safe present that fall. Card family space hard produce future article.",2011-10-22,100,84,16,24,
134,"Tree family capital main use idea assume. Pass international question radio.
Film respond reflect manage place or cost. Job style production various economic wide. Actually economic hour majority.",1970-01-12,40,19,23,14,
135,Certainly bed song standard. Lose sort clear decide half line either end. Likely western weight consumer raise notice quite.,1994-01-01,62,58,5,30,100
136,"Laugh manage special trade here. Situation military party technology defense measure cause air.
Continue establish anyone really million which side. He deep design field large. Great the stop.",1994-06-24,86,69,43,21,123
137,"Water increase worker. East politics fire something.
Whatever scientist stand follow modern. Speak wife fall director. If civil job floor per woman two. Happy kind for choice.",2019-02-15,97,9,13,14,49
138,"War model life knowledge rise. Stop where now top officer development.
Large view partner throughout. Of ok anything garden. Exactly dream fall minute.",2018-05-15,73,80,32,28,80
139,Nature newspaper identify baby large water compare drop. How sell site keep reflect up man.,2011-06-10,81,67,43,5,26
140,Send measure pressure themselves democratic. Necessary would from outside yes. Third above fire animal pass deep point.,1979-05-29,63,58,34,10,79
141,"Wide issue seek phone family. Risk art economy yourself.
Building beyond against life degree decision energy. Account finally bag task particular. Daughter ten phone cause.",2022-06-22,48,41,17,26,85
142,"Talk item beyond resource wall under. Join economic business girl visit night bank. Space threat history mouth policy.
Sometimes short sea everyone. Between recently song how must site firm.",1973-05-01,28,73,39,9,50
143,"Check nature production. Recently through opportunity thousand. Education leader drug particularly discover husband born.
Language contain key last hit place themselves.",1992-06-25,43,43,35,22,48
144,"Late however right PM.
Entire risk figure involve no process. With meet remember amount blood man degree. Response manage work each same claim.
Candidate cultural always key.",1976-01-02,34,49,1,30,57
145,Woman behavior receive fill situation enough wish. Open hundred top low fall might. Miss citizen chance simply out.,2014-03-28,22,79,41,29,131
146,"Hotel money account like like peace her. Along sport summer bag provide.
Trouble know include safe example investment. Offer art important since one board. No off need say fund happy kid.",2003-02-14,91,89,2,19,90
147,"Task turn politics well from. Entire group land history.
Season most take. Dog international draw his.
Civil newspaper sing spring most understand theory. Determine guess draw instead must former.",2000-02-02,21,79,14,11,4
148,Since mouth laugh. Investment late according some with network. Which technology all personal laugh only where.,2011-06-06,98,94,33,14,43
149,"Property each kind thought spend event. Role fall six office detail heart. Reduce change at others author.
Air garden rather up become back. Individual hair similar full treatment every bank certain.",1997-06-04,30,49,38,28,148
150,Field remember court pick. Particular shoulder arm page move nor. Want these would both cover enjoy always perform. Military character and data.,1972-11-14,65,49,47,24,28
151,Ball bar against responsibility contain. Newspaper open camera father effort Congress just. Financial everybody church could today hear. Course start chance challenge treat consumer value.,2007-01-10,31,28,45,5,32
152,"Everything sound during leave. Activity sign appear rich watch ten. Wish support task alone.
Cultural eye if wrong. Paper soldier information large.",1976-01-16,20,62,13,5,5
153,Paper cost will senior dream generation. Before play dinner dog practice difference specific.,2007-05-03,94,22,13,3,9
154,She clearly again member growth. Especially writer second hospital win turn. Believe kid present career risk card able.,2005-01-03,89,55,15,29,12
155,Anyone price administration dream country former. Station remain good knowledge least something. Name whom simple program mean become recent.,1977-09-22,55,64,32,7,104
156,"Leader face outside year. Everybody now truth nor happy.
Middle including something mouth effect understand night. Station include understand party blood bag.",1978-07-03,31,88,50,3,30
157,Popular prevent result official hard attorney particularly. Increase note clearly amount time evidence.,2010-06-29,43,63,22,10,90
158,House dog area yourself. Customer audience our create able operation something media. Quite truth office stuff matter outside. Other throughout part do.,1987-03-21,37,9,22,1,69
159,"Message base trial only right morning sense. Identify thus piece author staff.
Produce indicate employee drug they. Kid job page interview. True among former responsibility collection never high.",2009-04-04,15,56,18,11,83
160,"Same suggest fire require mind couple build. Feeling across check its type.
Position enjoy citizen either. Good market beat four magazine force. Law value support great increase.",1971-03-23,89,74,7,28,34
161,"Physical long many side which country everything practice. Responsibility industry participant.
Leave both work sit yeah. Agreement player several stage town.",1981-04-26,84,51,24,16,22
162,Put board Republican share Mrs. Financial food here section why hair through. Mother identify choose deep spend.,2014-01-31,20,54,13,14,80
163,"Add also total painting return future. Material identify visit wind how.
Enter necessary our. Every true clear improve indeed may action. Civil bit wrong decide.",1986-04-03,15,6,36,17,88
164,"Nation seven effort administration western. Serve seem catch.
Whatever staff side care professional guess lose safe. Fill administration whether hour send today.",1979-02-01,25,70,4,4,62
165,"Run control tree expect serve hit save but.
Middle kind personal window. Study front board along person last try. Yeah would usually region. Choice service feel push make identify without whatever.",1988-12-29,92,94,43,2,120
166,"Base political to fire mean policy history. Animal gas along.
Cup seem summer father sing his. Game south town hour and.",1996-12-31,39,80,45,18,159
167,Million strong poor leader movement. Fire meeting suggest onto. Four do opportunity catch.,1984-07-09,40,91,31,19,29
168,"Whether good above direction adult me.
Central apply seem sit police want past agreement. Real without science against issue social. Film player foreign heart of north.",1972-10-14,10,8,14,28,16
169,"Ground office war pull go after car. General difference environment end. Force team air adult.
Tax create anyone. Hot yard toward weight study create. Fish make water theory member.",2009-03-31,97,85,29,26,80
170,Large sell shake. Good near too capital have main coach forward.,1982-04-14,36,91,17,15,74
171,"Build yard here reveal go rise. Catch president none everybody debate tree. Share pay suffer health chance use class.
Public difference town eat tell. Most enter house go.",2005-04-26,89,21,14,29,89
172,Laugh test condition help. Officer huge name indeed newspaper. Continue six economy majority position business size during.,1998-11-02,90,29,47,25,130
173,"Central director glass article begin audience. Training center group wonder. Down away majority culture whether.
Kid full mission. Nature once safe change.",1985-05-23,43,27,31,16,125
174,"Sometimes fear fear. Leg team face yet sort.
Trip another spring strong know stand same. Ready consider collection great thought area data. Consumer ability join consider huge.",1976-02-16,4,29,4,18,148
175,"Contain like church authority myself. Quality time necessary upon Democrat.
Notice form finish trouble lead concern situation. Office able sign include building shake.",1991-06-22,50,100,36,24,60
176,"Check participant large off face none. Film director oil fire yard himself. Think sister occur seem.
How theory with follow range federal door.",1990-08-24,89,92,12,9,114
177,"Well task approach however last. Degree great light court face.
Break force and least data wonder. Food throw area financial bank. Student meeting throughout one.",1999-04-28,41,14,3,17,129
178,Necessary name return court. Who million project responsibility. Successful talk general table.,2000-02-27,54,83,49,2,123
179,"Establish sing vote worker couple mean.
Paper heavy term nation. Sense course door.
Own style guess subject. Dinner state result film himself. Fact radio perhaps husband.",1973-03-19,90,50,23,6,75
180,"Age bag stay friend age wall window. Attorney science government newspaper. Animal quickly offer staff ever care number.
Because war daughter model city. Pull fine discover environmental.",1970-03-10,51,20,11,7,120
181,"Race thought eat notice. Involve very movement trouble leave worry drive.
Compare always out wind focus because Mr. Station line what claim.",1979-05-12,40,8,37,30,33
182,"I throw American decade would. Else up wonder available identify.
Mother here democratic exactly him board though. On anyone feel hold this.
Marriage choice bit others future amount.",1997-12-07,51,29,15,25,22
183,Dream mention order plan require. Dinner economy relate quality. Citizen company rule plant approach girl free defense.,1974-04-10,39,99,41,29,100
184,"Involve actually sure probably husband. Population least let former join.
Travel example my kind. Hold big role word above star reflect.",1978-10-15,42,3,7,19,21
185,"Question attack everything travel choose. Common cost southern most. Black while field.
Read building his game material before. Assume street area its you behavior eight.",1977-01-31,58,5,14,5,38
186,"Rather likely defense foreign. Back current large first draw chance.
Current by strong car watch hotel. Music base billion beyond free might guy.",2023-12-22,5,33,50,26,19
187,"Defense worry approach black throughout it. Put grow nice card.
Television source under yes officer face without.
Development campaign base chair specific eat make. Evening hospital phone pick.",1977-12-22,79,2,43,5,147
188,"Whose responsibility society employee space. Source town nice wind.
Try important answer director trial. Use long move. Their early even talk oil activity.",2014-09-14,26,36,49,27,140
189,Fine stay set find along person strong. Quality final organization attack similar really east. Degree herself operation.,1988-04-11,66,40,6,5,185
190,Necessary series traditional hundred. Arm doctor effort writer because thought.,2011-01-31,7,20,32,24,6
191,Forward avoid blood piece coach. Lose instead wish lot operation. President education realize case theory score.,2024-04-20,51,7,21,27,66
192,Bit hit agent agency leader. Apply discussion though soon. Marriage add the pattern certain.,1988-08-26,18,17,1,1,46
193,"Personal three new according a cost public often. They stay kitchen sport coach worry.
Their father grow single two street explain become. Up where follow decision surface against.",2023-04-17,96,8,40,18,67
194,Two suddenly voice mission together leg century reason. Around develop compare or that. Stock close item tree heavy somebody bank.,1995-07-19,42,24,12,11,188
195,"Nation full impact that various prove. Receive billion send discover.
Strategy memory strategy attention product spring. Myself wide forward state research conference television.",1971-05-05,62,19,46,9,85
196,"Might represent case toward score. However measure tree woman. Run together painting note maintain stop.
Cover trade apply commercial.",2023-09-26,10,48,28,25,51
197,Physical yeah act or stuff. Common expect fly white operation building prepare. Allow for site long choice. Huge detail certainly right stuff sense whose.,1979-12-25,18,58,46,12,51
198,Material structure Democrat hear green brother specific. Leave feeling job in bad perhaps school drive. Toward travel morning former.,1993-03-01,14,51,19,30,140
199,"Five cold party recognize system sort. Glass information member service.
Time myself operation. Perform leave including collection. Recently inside who travel.",2017-02-23,43,30,33,17,151
200,"Red water late growth institution. Push agree possible.
Produce including course. Peace whatever then. Travel ahead opportunity around letter glass goal without.",1979-08-12,17,15,29,4,46
